{
  "domain_fits": {
    "belief_emerggence": {
      "gaussian": {
        "params": {
          "A": 0.6363159614228692,
          "B": 65.82169214848308,
          "C": 0.12012728827564813,
          "noise_star": 0.01954889603669252
        },
        "r_squared": 0.9418767355876447,
        "noise_star_fitted": 0.01954889603669252,
        "equation": "U = 0.636 * exp(-65.8 * (noise - 0.020)^2) + 0.120"
      },
      "power_law": {
        "params": {
          "A": 0.957435653756249,
          "alpha": 0.023849580660687993,
          "noise_star": 0.0031486520734660363
        },
        "r_squared": 0.9986897080534098,
        "noise_star_fitted": 0.0031486520734660363
      }
    },
    "creativity": {
      "gaussian": {
        "params": {
          "A": 0.8088192655589191,
          "B": 4.865364782148115,
          "C": 0.027581321472459387,
          "noise_star": 0.4707229303419945
        },
        "r_squared": 0.9967869881210745,
        "noise_star_fitted": 0.4707229303419945,
        "equation": "U = 0.809 * exp(-4.9 * (noise - 0.471)^2) + 0.028"
      },
      "power_law": {
        "params": {
          "A": 0.8059117413008997,
          "alpha": 1.133004659514447,
          "noise_star": 0.4010038126149058
        },
        "r_squared": 0.8562558266978035,
        "noise_star_fitted": 0.4010038126149058
      }
    },
    "scientific_revolutions": {
      "gaussian": {
        "params": {
          "A": 0.570146062863463,
          "B": 37.35947771543451,
          "C": 0.1294068423780979,
          "noise_star": 0.12744639044025197
        },
        "r_squared": 0.9730775641850199,
        "noise_star_fitted": 0.12744639044025197,
        "equation": "U = 0.570 * exp(-37.4 * (noise - 0.127)^2) + 0.129"
      },
      "power_law": {
        "params": {
          "A": 0.722488615788684,
          "alpha": 0.8623654446178975,
          "noise_star": 0.10269932563833842
        },
        "r_squared": 0.7444364169390253,
        "noise_star_fitted": 0.10269932563833842
      }
    },
    "intelligence": {
      "gaussian": {
        "params": {
          "A": 0.4070750033711024,
          "B": 43.91352962669857,
          "C": 0.2558531382903485,
          "noise_star": 0.1648541291450837
        },
        "r_squared": 0.9839600963135008,
        "noise_star_fitted": 0.1648541291450837,
        "equation": "U = 0.407 * exp(-43.9 * (noise - 0.165)^2) + 0.256"
      },
      "power_law": {
        "params": {
          "A": 0.659126950802357,
          "alpha": 0.8577567886673038,
          "noise_star": 0.13478818287043853
        },
        "r_squared": 0.7368387184723846,
        "noise_star_fitted": 0.13478818287043853
      }
    }
  },
  "universal_curve": {
    "A": 24.923323073486234,
    "B": 0.03616185800175996,
    "C": -24.29606619398025,
    "noise_star_global": 0.3604695966098703,
    "r_squared": 0.30536941555689623,
    "equation": "U_norm(noise_norm) = 24.923 * exp(-0.0 * (noise_norm - 0.360)^2) + -24.296"
  },
  "law": {
    "noise_stars": {
      "belief_emerggence": 0.02,
      "creativity": 0.5,
      "scientific_revolutions": 0.1,
      "intelligence": 0.15
    },
    "mean_noise_star": 0.1925,
    "std_noise_star": 0.18349046296742508,
    "cv": 0.95319721022039,
    "speed_correlation": -0.4017301831257474,
    "speed_p_value": 0.5982698168742526,
    "law": "noise* = 0.193 +/- 0.183 (CV = 0.95)",
    "interpretation": "Optimal noise varies by domain dynamics (speed of change)"
  },
  "properties": {
    "existence": {
      "theorem": "For any unimodal U(noise), noise* exists and is unique",
      "condition": "U(noise) must be continuous and have a single maximum",
      "proof_sketch": "By Weierstrass extreme value theorem on compact interval"
    },
    "stability": {
      "theorem": "noise* is stable under small perturbations of system parameters",
      "condition": "U(noise) must be smooth (differentiable)",
      "proof_sketch": "By implicit function theorem on dU/dnoise = 0"
    },
    "sensitivity": {
      "theorem": "System performance degrades quadratically near noise*",
      "condition": "U''(noise*) < 0 (maximum is strict)",
      "proof_sketch": "Taylor expansion: U(noise) ~ U(noise*) + 0.5*U''(noise*)*(noise-noise*)^2",
      "implication": "Sensitivity = -B in Gaussian model"
    },
    "universality": {
      "theorem": "The Gaussian utility shape is universal across domains",
      "condition": "All domains show R^2 > 0.9 for Gaussian fit",
      "evidence": "4/4 domains fit Gaussian with high R^2"
    },
    "phase_transition": {
      "theorem": "Systems exhibit phase-transition-like behavior at noise thresholds",
      "condition": "Utility drops below 50% of maximum",
      "implication": "Sharp transition between functional and dysfunctional regimes"
    }
  }
}