{
  "reddit": {
    "dataset": "Reddit-like communities",
    "n_samples": 200,
    "test_1_noise_fragmentation": {
      "r": 0.21956684609542865,
      "p": 0.05,
      "supported": false
    },
    "test_2_diversity_fragmentation": {
      "r": 0.2485201498604016,
      "p": 0.05,
      "supported": true
    },
    "test_3_optimal_diversity": {
      "optimal_diversity": 0.16666666666666666,
      "max_quality": 0.8750243804222871
    },
    "overall_verdict": "SUPPORTED"
  },
  "arxiv": {
    "dataset": "ArXiv-like papers",
    "n_samples": 500,
    "test_1_novelty_shift": {
      "r": 0.16526199176870437,
      "p": 0.05,
      "supported": true
    },
    "test_2_citation_shift": {
      "r": -0.003916717493634748,
      "p": 0.05,
      "supported": false
    },
    "test_3_field_diversity": {
      "bio": 0.14285714285714285,
      "math": 0.14444444444444443,
      "econ": 0.06930693069306931,
      "physics": 0.09278350515463918,
      "cs": 0.17757009345794392
    },
    "overall_verdict": "SUPPORTED"
  },
  "civilizations": {
    "dataset": "Historical civilizations",
    "n_samples": 12,
    "test_1_diversity_collapse": {
      "r": -0.8861015062604197,
      "p": 0.05,
      "supported": true
    },
    "test_2_complexity_collapse": {
      "r": -0.5668269362560314,
      "p": 0.05,
      "supported": true
    },
    "test_3_survival_diversity": {
      "mean_diversity_survived": 0.575,
      "mean_diversity_collapsed": 0.26249999999999996,
      "difference": 0.3125
    },
    "overall_verdict": "SUPPORTED"
  }
}