{
  "noise_fit": {
    "params": [
      0.1578789806233359,
      1.5135752757649559,
      0.5198256090797022
    ],
    "r_squared": 0.9863390908638787
  },
  "contrarian_fit": {
    "params": [
      0.3056458471118978,
      1.2934812092098553,
      0.7934849048019259
    ],
    "r_squared": 0.9973019901394554
  },
  "connectivity_fit": {
    "params": [
      0.1481818097283443,
      0.00307427168515666
    ],
    "r_squared": 0.3902995905906585
  },
  "scale_fit": {
    "params": [
      0.3219491236317797,
      -57.87971364735003,
      1.983444834747828
    ],
    "r_squared": 0.9750535800286685
  },
  "unified_law": {
    "alpha": 0.010613977097351011,
    "beta": -3.952256736371077,
    "gamma": -0.01713866920941096,
    "delta": -0.20209786235784516,
    "epsilon": -0.8392905015197141,
    "r_squared": 0.09780890834551012
  }
}