{
  "mean_k": 0.05270219733758502,
  "std_k": 0.047671517609407174,
  "cv": 0.9045451616380675,
  "stability": "UNSTABLE",
  "thresholds": [
    0.07319376188753912,
    0.07459951792498745,
    0.07550791934307315,
    0.0782732541092685,
    0.0747551758864452,
    0.0760603826339139,
    0.07319376188753912,
    0.0,
    0.0,
    0.0,
    0.07319376188753912,
    0.2,
    0.0,
    0.07319376188753912,
    0.07459951792498745,
    0.0705287960206348,
    0.07030157119804212,
    0.019344961497776286,
    0.0,
    0.0,
    0.0
  ]
}