{
  "version": "1.0.0",
  "frozen_date": "2026-06-16T08:40:52.819845",
  "result_hash": "a07429475b5dab8c",
  "n_articles": 82,
  "n_controversial": 36,
  "n_control": 46,
  "controversial_mean": 0.1864833075721585,
  "control_mean": 0.14528978147694724,
  "test_results": {
    "student_t": {
      "t": 3.694612589945963,
      "p": 0.00040139813888599664
    },
    "welch_t": {
      "t": 3.5122594935818126,
      "p": 0.000877213447701244
    },
    "mann_whitney": {
      "u": 1201.0,
      "p": 0.000500317494596968
    },
    "cohens_d": 0.8008310972166968,
    "bootstrap_ci_95": {
      "lower": 0.019474864649881178,
      "upper": 0.0635067423736587
    }
  },
  "sensitivity": {
    "loo_robust": 82,
    "loo_total": 82,
    "fragile_articles": []
  }
}