{
  "github": {
    "React": {
      "n_issues": 100,
      "n_authors": 44,
      "n_dissenters": 8,
      "dissent_fraction": 0.18181818181818182,
      "fragmentation": 0.8979409729388483,
      "mean_comments": 5.74
    },
    "PyTorch": {
      "n_issues": 100,
      "n_authors": 60,
      "n_dissenters": 12,
      "dissent_fraction": 0.2,
      "fragmentation": 0.982241975308642,
      "mean_comments": 2.25
    },
    "VSCode": {
      "n_issues": 100,
      "n_authors": 82,
      "n_dissenters": 5,
      "dissent_fraction": 0.06097560975609756,
      "fragmentation": 0.9648979591836735,
      "mean_comments": 0.7
    },
    "Kubernetes": {
      "n_issues": 100,
      "n_authors": 60,
      "n_dissenters": 8,
      "dissent_fraction": 0.13333333333333333,
      "fragmentation": 0.9879112549941548,
      "mean_comments": 5.58
    },
    "Go": {
      "n_issues": 100,
      "n_authors": 54,
      "n_dissenters": 8,
      "dissent_fraction": 0.14814814814814814,
      "fragmentation": 0.9808624426799115,
      "mean_comments": 3.03
    }
  },
  "wikipedia": {
    "controversial_mean": 0.22254164770232063,
    "control_mean": 0.16306124781908987
  }
}