{
  "timestamp": "2026-06-16T06:38:18.737944",
  "n_articles": 22,
  "test_result": {
    "controversial_n": 14,
    "controversial_mean": 0.22254164770232063,
    "control_n": 8,
    "control_mean": 0.17257655977386235,
    "t_statistic": 2.6092450900092263,
    "p_value": 0.016787679874147445,
    "significant": true
  },
  "result_hash": "6d12442dc86afb79"
}