{
  "inverted_u": {
    "is_inverted_u": "True",
    "peak_noise": 0.22051585906455115,
    "peak_creativity": 0.6858075251189096,
    "r_squared": 0.669762791179348,
    "passed": "True"
  },
  "extreme_noise": {
    "low_noise_creativity": 0.08205123816189891,
    "medium_noise_creativity": 0.9294979911469579,
    "high_noise_creativity": 0.04254755964671745,
    "passed": "True"
  },
  "statistical": {
    "pearson_r": -0.37784152417132333,
    "pearson_p": 0.10048526459034485,
    "anova_f": 644.8959325187809,
    "anova_p": 1.919390202090632e-10,
    "quadratic_r_squared": 0.669762791179348,
    "passed": "True"
  },
  "literature": {
    "predictions_tested": 4,
    "supported": 4,
    "passed": true
  }
}