{
  "inverted_u": {
    "is_inverted_u": "True",
    "peak_noise": 0.11770725127366817,
    "r_squared": 0.7439903400168509,
    "passed": "True"
  },
  "optimal_noise": {
    "predicted": 0.15,
    "actual": 0.11770725127366817,
    "within_range": "True",
    "passed": "True"
  },
  "extreme_noise": {
    "low": 0.4248675680577477,
    "medium": 0.9525915746555988,
    "high": 0.08172611395132685,
    "passed": "True"
  },
  "statistical": {
    "r_squared": 0.7439903400168509,
    "anova_f": 288.13845828697134,
    "anova_p": 4.221877713254345e-12,
    "passed": "True"
  },
  "literature": {
    "supported": 4,
    "total": 4,
    "passed": true
  }
}