{
  "articles": {
    "Abortion": {
      "n_edits": 500,
      "n_users": 150,
      "n_dissenters": 37,
      "dissent_fraction": 0.24666666666666667,
      "fragmentation": 0.960152
    },
    "Abortion in the United States": {
      "n_edits": 500,
      "n_users": 154,
      "n_dissenters": 39,
      "dissent_fraction": 0.2532467532467532,
      "fragmentation": 0.974984
    },
    "Banana": {
      "n_edits": 500,
      "n_users": 111,
      "n_dissenters": 20,
      "dissent_fraction": 0.18018018018018017,
      "fragmentation": 0.72624
    },
    "Biology": {
      "n_edits": 500,
      "n_users": 129,
      "n_dissenters": 25,
      "dissent_fraction": 0.1937984496124031,
      "fragmentation": 0.924488
    },
    "Climate change": {
      "n_edits": 484,
      "n_users": 129,
      "n_dissenters": 32,
      "dissent_fraction": 0.24806201550387597,
      "fragmentation": 0.9414315962024452
    },
    "Climate change denial": {
      "n_edits": 500,
      "n_users": 76,
      "n_dissenters": 17,
      "dissent_fraction": 0.2236842105263158,
      "fragmentation": 0.746368
    },
    "COVID-19 misinformation": {
      "n_edits": 500,
      "n_users": 170,
      "n_dissenters": 46,
      "dissent_fraction": 0.27058823529411763,
      "fragmentation": 0.979768
    },
    "Creationism": {
      "n_edits": 194,
      "n_users": 91,
      "n_dissenters": 21,
      "dissent_fraction": 0.23076923076923078,
      "fragmentation": 0.9755021787650122
    },
    "DNA": {
      "n_edits": 200,
      "n_users": 117,
      "n_dissenters": 18,
      "dissent_fraction": 0.15384615384615385,
      "fragmentation": 0.9785
    },
    "Dog": {
      "n_edits": 500,
      "n_users": 149,
      "n_dissenters": 12,
      "dissent_fraction": 0.08053691275167785,
      "fragmentation": 0.783616
    },
    "Evolution": {
      "n_edits": 500,
      "n_users": 170,
      "n_dissenters": 46,
      "dissent_fraction": 0.27058823529411763,
      "fragmentation": 0.976736
    },
    "Evolution as fact and theory": {
      "n_edits": 500,
      "n_users": 272,
      "n_dissenters": 42,
      "dissent_fraction": 0.15441176470588236,
      "fragmentation": 0.991272
    },
    "Genetically modified food controversies": {
      "n_edits": 500,
      "n_users": 143,
      "n_dissenters": 36,
      "dissent_fraction": 0.2517482517482518,
      "fragmentation": 0.96812
    },
    "Gravity": {
      "n_edits": 500,
      "n_users": 145,
      "n_dissenters": 35,
      "dissent_fraction": 0.2413793103448276,
      "fragmentation": 0.92632
    },
    "Gun control": {
      "n_edits": 500,
      "n_users": 182,
      "n_dissenters": 43,
      "dissent_fraction": 0.23626373626373626,
      "fragmentation": 0.979728
    },
    "Gun violence in the United States": {
      "n_edits": 500,
      "n_users": 212,
      "n_dissenters": 36,
      "dissent_fraction": 0.16981132075471697,
      "fragmentation": 0.976976
    },
    "Nuclear power": {
      "n_edits": 500,
      "n_users": 136,
      "n_dissenters": 28,
      "dissent_fraction": 0.20588235294117646,
      "fragmentation": 0.960616
    },
    "Nuclear power debate": {
      "n_edits": 500,
      "n_users": 192,
      "n_dissenters": 39,
      "dissent_fraction": 0.203125,
      "fragmentation": 0.979264
    },
    "Photosynthesis": {
      "n_edits": 200,
      "n_users": 94,
      "n_dissenters": 19,
      "dissent_fraction": 0.20212765957446807,
      "fragmentation": 0.96865
    },
    "Physics": {
      "n_edits": 500,
      "n_users": 202,
      "n_dissenters": 38,
      "dissent_fraction": 0.18811881188118812,
      "fragmentation": 0.978696
    },
    "Vaccination": {
      "n_edits": 500,
      "n_users": 272,
      "n_dissenters": 41,
      "dissent_fraction": 0.15073529411764705,
      "fragmentation": 0.990816
    },
    "Water": {
      "n_edits": 500,
      "n_users": 256,
      "n_dissenters": 36,
      "dissent_fraction": 0.140625,
      "fragmentation": 0.98856
    }
  },
  "n_articles": 22
}