domain,noise_star,utility_star
scientific_theories,0.04,0.7378910597698739
technology_adoption,0.1,0.4381524939060116
language_evolution,0.02,0.814400748433458
cultural_norms,0.02,0.8854060220612237
innovation_diffusion,0.12,0.22316701436854228
